Table_ID,Module_ID,Module_Name,Table_Name,Table_Description,Primary_Key,Key_Columns,Indexes,Foreign_Keys,Estimated_Rows,Audit_Trail,Comments
GL-T001,GL,General Ledger,GL_LEDGERS,Ledger master configuration,LEDGER_ID,"LEDGER_ID, LEDGER_NAME, CURRENCY_CODE, COA_ID","IDX_GL_LEDGERS_NAME, IDX_GL_LEDGERS_CURRENCY","COA_ID->GL_CHART_OF_ACCOUNTS(COA_ID)",100,Yes,One record per legal entity or management ledger
GL-T002,GL,General Ledger,GL_CHART_OF_ACCOUNTS,Chart of accounts master,COA_ID,"COA_ID, COA_NAME, STRUCTURE_TYPE",IDX_GL_COA_NAME,None,50,Yes,Defines account structure
GL-T003,GL,General Ledger,GL_ACCOUNTS,Account master data,ACCOUNT_ID,"ACCOUNT_ID, COA_ID, ACCOUNT_CODE, ACCOUNT_NAME, ACCOUNT_TYPE","IDX_GL_ACCOUNTS_CODE, IDX_GL_ACCOUNTS_TYPE","COA_ID->GL_CHART_OF_ACCOUNTS(COA_ID)",50000,Yes,Individual GL accounts
GL-T004,GL,General Ledger,GL_ACCOUNT_HIERARCHIES,Account hierarchies and rollups,HIERARCHY_ID,"HIERARCHY_ID, PARENT_ACCOUNT_ID, CHILD_ACCOUNT_ID","IDX_GL_HIER_PARENT, IDX_GL_HIER_CHILD","PARENT_ACCOUNT_ID->GL_ACCOUNTS(ACCOUNT_ID), CHILD_ACCOUNT_ID->GL_ACCOUNTS(ACCOUNT_ID)",100000,Yes,Parent-child account relationships
GL-T005,GL,General Ledger,GL_PERIODS,Accounting periods,PERIOD_ID,"PERIOD_ID, LEDGER_ID, PERIOD_NAME, START_DATE, END_DATE, STATUS","IDX_GL_PERIODS_LEDGER, IDX_GL_PERIODS_STATUS","LEDGER_ID->GL_LEDGERS(LEDGER_ID)",1200,Yes,Monthly/quarterly periods per ledger
GL-T006,GL,General Ledger,GL_CALENDARS,Accounting calendars,CALENDAR_ID,"CALENDAR_ID, CALENDAR_NAME, CALENDAR_TYPE",IDX_GL_CALENDARS_NAME,None,50,Yes,Fiscal calendar definitions
GL-T007,GL,General Ledger,GL_JOURNALS,Journal headers,JOURNAL_ID,"JOURNAL_ID, LEDGER_ID, JOURNAL_NAME, PERIOD_ID, STATUS, SOURCE","IDX_GL_JOURNALS_PERIOD, IDX_GL_JOURNALS_STATUS, IDX_GL_JOURNALS_SOURCE","LEDGER_ID->GL_LEDGERS(LEDGER_ID), PERIOD_ID->GL_PERIODS(PERIOD_ID)",10000000,Yes,Journal batch headers
GL-T008,GL,General Ledger,GL_JOURNAL_LINES,Journal line details,JOURNAL_LINE_ID,"JOURNAL_LINE_ID, JOURNAL_ID, ACCOUNT_ID, DEBIT, CREDIT","IDX_GL_JLINES_JOURNAL, IDX_GL_JLINES_ACCOUNT","JOURNAL_ID->GL_JOURNALS(JOURNAL_ID), ACCOUNT_ID->GL_ACCOUNTS(ACCOUNT_ID)",50000000,Yes,Individual journal entries
GL-T009,GL,General Ledger,GL_BALANCES,Account balances,BALANCE_ID,"BALANCE_ID, LEDGER_ID, ACCOUNT_ID, PERIOD_ID, BALANCE_TYPE, AMOUNT","IDX_GL_BAL_ACCOUNT, IDX_GL_BAL_PERIOD","ACCOUNT_ID->GL_ACCOUNTS(ACCOUNT_ID), PERIOD_ID->GL_PERIODS(PERIOD_ID)",5000000,No,Period-end balances
GL-T010,GL,General Ledger,GL_CURRENCIES,Currency master,CURRENCY_CODE,"CURRENCY_CODE, CURRENCY_NAME, PRECISION","IDX_GL_CURRENCIES_NAME",None,200,Yes,ISO currency codes
GL-T011,GL,General Ledger,GL_EXCHANGE_RATES,Currency exchange rates,RATE_ID,"RATE_ID, FROM_CURRENCY, TO_CURRENCY, RATE_DATE, RATE_TYPE, CONVERSION_RATE","IDX_GL_RATES_DATE, IDX_GL_RATES_CURR",None,100000,Yes,Daily exchange rates
GL-T012,GL,General Ledger,GL_BUDGET_HEADERS,Budget headers,BUDGET_ID,"BUDGET_ID, LEDGER_ID, BUDGET_NAME, FISCAL_YEAR, STATUS","IDX_GL_BUDGET_YEAR, IDX_GL_BUDGET_STATUS","LEDGER_ID->GL_LEDGERS(LEDGER_ID)",1000,Yes,Annual budgets
GL-T013,GL,General Ledger,GL_BUDGET_LINES,Budget line details,BUDGET_LINE_ID,"BUDGET_LINE_ID, BUDGET_ID, ACCOUNT_ID, PERIOD_ID, AMOUNT","IDX_GL_BUDGETLINES_BUDGET, IDX_GL_BUDGETLINES_ACCT","BUDGET_ID->GL_BUDGET_HEADERS(BUDGET_ID), ACCOUNT_ID->GL_ACCOUNTS(ACCOUNT_ID)",500000,Yes,Budget amounts by period
GL-T014,GL,General Ledger,GL_INTERCOMPANY_ORGS,Intercompany organizations,IC_ORG_ID,"IC_ORG_ID, LEDGER_ID, ORG_NAME, SETTLEMENT_ACCOUNT_ID","IDX_GL_IC_ORGS_LEDGER","LEDGER_ID->GL_LEDGERS(LEDGER_ID)",500,Yes,Legal entities for IC transactions
GL-T015,GL,General Ledger,GL_ALLOCATION_RULES,Allocation rule definitions,ALLOCATION_RULE_ID,"ALLOCATION_RULE_ID, RULE_NAME, ALLOCATION_METHOD, STATUS",IDX_GL_ALLOC_RULES_STATUS,None,500,Yes,Cost allocation configurations
GL-T016,GL,General Ledger,GL_AUDIT_TRAIL,GL audit log,AUDIT_ID,"AUDIT_ID, TABLE_NAME, RECORD_ID, ACTION, USER_ID, TIMESTAMP","IDX_GL_AUDIT_TABLE, IDX_GL_AUDIT_USER, IDX_GL_AUDIT_TIME",None,50000000,No,Complete change history

UR-T001,UR,User and Role Management,UR_USERS,User master data,USER_ID,"USER_ID, USERNAME, EMAIL, STATUS, EMPLOYEE_ID","IDX_UR_USERS_USERNAME, IDX_UR_USERS_EMAIL, IDX_UR_USERS_STATUS",None,10000,Yes,System users
UR-T002,UR,User and Role Management,UR_ROLES,Role definitions,ROLE_ID,"ROLE_ID, ROLE_NAME, ROLE_TYPE, STATUS","IDX_UR_ROLES_NAME, IDX_UR_ROLES_TYPE",None,500,Yes,Security roles
UR-T003,UR,User and Role Management,UR_PERMISSIONS,Permission definitions,PERMISSION_ID,"PERMISSION_ID, PERMISSION_NAME, OBJECT_TYPE, ACTION","IDX_UR_PERMS_OBJECT, IDX_UR_PERMS_ACTION",None,5000,Yes,Granular permissions
UR-T004,UR,User and Role Management,UR_ROLE_PERMISSIONS,Role-permission assignments,ROLE_PERMISSION_ID,"ROLE_PERMISSION_ID, ROLE_ID, PERMISSION_ID","IDX_UR_RP_ROLE, IDX_UR_RP_PERMISSION","ROLE_ID->UR_ROLES(ROLE_ID), PERMISSION_ID->UR_PERMISSIONS(PERMISSION_ID)",25000,Yes,Many-to-many mapping
UR-T005,UR,User and Role Management,UR_USER_ROLES,User-role assignments,USER_ROLE_ID,"USER_ROLE_ID, USER_ID, ROLE_ID, START_DATE, END_DATE","IDX_UR_UR_USER, IDX_UR_UR_ROLE","USER_ID->UR_USERS(USER_ID), ROLE_ID->UR_ROLES(ROLE_ID)",50000,Yes,Effective-dated role assignments
UR-T006,UR,User and Role Management,UR_DATA_SECURITY_POLICIES,Data security policies,POLICY_ID,"POLICY_ID, POLICY_NAME, OBJECT_TYPE, FILTER_CRITERIA",IDX_UR_DSP_OBJECT,None,1000,Yes,Row-level security rules
UR-T007,UR,User and Role Management,UR_USER_DATA_ACCESS,User data access grants,USER_DATA_ACCESS_ID,"USER_DATA_ACCESS_ID, USER_ID, POLICY_ID, LEDGER_ID, BU_ID","IDX_UR_UDA_USER, IDX_UR_UDA_POLICY","USER_ID->UR_USERS(USER_ID), POLICY_ID->UR_DATA_SECURITY_POLICIES(POLICY_ID)",100000,Yes,User access to specific data
UR-T008,UR,User and Role Management,UR_PASSWORD_HISTORY,Password history,PASSWORD_HISTORY_ID,"PASSWORD_HISTORY_ID, USER_ID, PASSWORD_HASH, CREATED_DATE","IDX_UR_PWDHIST_USER, IDX_UR_PWDHIST_DATE","USER_ID->UR_USERS(USER_ID)",50000,No,Password change history
UR-T009,UR,User and Role Management,UR_LOGIN_HISTORY,Login audit log,LOGIN_ID,"LOGIN_ID, USER_ID, LOGIN_TIME, LOGOUT_TIME, IP_ADDRESS, STATUS","IDX_UR_LOGIN_USER, IDX_UR_LOGIN_TIME","USER_ID->UR_USERS(USER_ID)",10000000,No,User login tracking
UR-T010,UR,User and Role Management,UR_SESSION_TOKENS,Active user sessions,SESSION_ID,"SESSION_ID, USER_ID, TOKEN, START_TIME, EXPIRY_TIME","IDX_UR_SESSION_USER, IDX_UR_SESSION_TOKEN","USER_ID->UR_USERS(USER_ID)",10000,No,Active session management

AP-T001,AP,Accounts Payable,AP_SUPPLIERS,Supplier master data,SUPPLIER_ID,"SUPPLIER_ID, SUPPLIER_NUMBER, SUPPLIER_NAME, TAX_ID, STATUS","IDX_AP_SUPP_NUMBER, IDX_AP_SUPP_NAME, IDX_AP_SUPP_TAX",None,50000,Yes,Vendor master records
AP-T002,AP,Accounts Payable,AP_SUPPLIER_SITES,Supplier site details,SUPPLIER_SITE_ID,"SUPPLIER_SITE_ID, SUPPLIER_ID, SITE_NAME, ADDRESS_ID, PAYMENT_TERMS","IDX_AP_SITES_SUPPLIER, IDX_AP_SITES_NAME","SUPPLIER_ID->AP_SUPPLIERS(SUPPLIER_ID)",100000,Yes,Supplier locations
AP-T003,AP,Accounts Payable,AP_INVOICES,Invoice headers,INVOICE_ID,"INVOICE_ID, SUPPLIER_ID, INVOICE_NUMBER, INVOICE_DATE, TOTAL_AMOUNT, STATUS","IDX_AP_INV_SUPPLIER, IDX_AP_INV_NUMBER, IDX_AP_INV_DATE, IDX_AP_INV_STATUS","SUPPLIER_ID->AP_SUPPLIERS(SUPPLIER_ID)",5000000,Yes,AP invoice headers
AP-T004,AP,Accounts Payable,AP_INVOICE_LINES,Invoice line details,INVOICE_LINE_ID,"INVOICE_LINE_ID, INVOICE_ID, LINE_NUMBER, AMOUNT, ACCOUNT_ID","IDX_AP_INVLINES_INVOICE, IDX_AP_INVLINES_ACCOUNT","INVOICE_ID->AP_INVOICES(INVOICE_ID), ACCOUNT_ID->GL_ACCOUNTS(ACCOUNT_ID)",20000000,Yes,Invoice line items
AP-T005,AP,Accounts Payable,AP_INVOICE_DISTRIBUTIONS,Invoice accounting distributions,DISTRIBUTION_ID,"DISTRIBUTION_ID, INVOICE_LINE_ID, ACCOUNT_ID, AMOUNT, PROJECT_ID","IDX_AP_DIST_LINE, IDX_AP_DIST_ACCOUNT","INVOICE_LINE_ID->AP_INVOICE_LINES(INVOICE_LINE_ID), ACCOUNT_ID->GL_ACCOUNTS(ACCOUNT_ID)",25000000,Yes,GL distributions
AP-T006,AP,Accounts Payable,AP_PAYMENTS,Payment headers,PAYMENT_ID,"PAYMENT_ID, PAYMENT_NUMBER, PAYMENT_DATE, PAYMENT_METHOD, BANK_ACCOUNT_ID, STATUS","IDX_AP_PMT_NUMBER, IDX_AP_PMT_DATE, IDX_AP_PMT_STATUS",None,3000000,Yes,Payment batch headers
AP-T007,AP,Accounts Payable,AP_PAYMENT_SCHEDULES,Payment schedules,SCHEDULE_ID,"SCHEDULE_ID, INVOICE_ID, DUE_DATE, AMOUNT_DUE, AMOUNT_PAID, STATUS","IDX_AP_SCHED_INVOICE, IDX_AP_SCHED_DUE","INVOICE_ID->AP_INVOICES(INVOICE_ID)",6000000,Yes,Invoice payment terms
AP-T008,AP,Accounts Payable,AP_PAYMENT_LINES,Payment line details,PAYMENT_LINE_ID,"PAYMENT_LINE_ID, PAYMENT_ID, INVOICE_ID, AMOUNT","IDX_AP_PMTLINES_PMT, IDX_AP_PMTLINES_INV","PAYMENT_ID->AP_PAYMENTS(PAYMENT_ID), INVOICE_ID->AP_INVOICES(INVOICE_ID)",10000000,Yes,Invoices paid
AP-T009,AP,Accounts Payable,AP_HOLDS,Invoice holds,HOLD_ID,"HOLD_ID, INVOICE_ID, HOLD_TYPE, HOLD_REASON, RELEASE_DATE","IDX_AP_HOLDS_INVOICE, IDX_AP_HOLDS_TYPE","INVOICE_ID->AP_INVOICES(INVOICE_ID)",500000,Yes,Payment holds
AP-T010,AP,Accounts Payable,AP_PREPAYMENTS,Prepayment records,PREPAYMENT_ID,"PREPAYMENT_ID, SUPPLIER_ID, PREPAYMENT_NUMBER, AMOUNT, APPLIED_AMOUNT","IDX_AP_PREPAY_SUPPLIER, IDX_AP_PREPAY_NUMBER","SUPPLIER_ID->AP_SUPPLIERS(SUPPLIER_ID)",200000,Yes,Supplier prepayments
AP-T011,AP,Accounts Payable,AP_CREDIT_MEMOS,Credit memos,CREDIT_MEMO_ID,"CREDIT_MEMO_ID, SUPPLIER_ID, CREDIT_NUMBER, CREDIT_DATE, AMOUNT","IDX_AP_CM_SUPPLIER, IDX_AP_CM_NUMBER","SUPPLIER_ID->AP_SUPPLIERS(SUPPLIER_ID)",500000,Yes,Supplier credits
AP-T012,AP,Accounts Payable,AP_EXPENSE_REPORTS,Employee expense reports,EXPENSE_REPORT_ID,"EXPENSE_REPORT_ID, EMPLOYEE_ID, REPORT_NUMBER, REPORT_DATE, TOTAL_AMOUNT, STATUS","IDX_AP_EXP_EMPLOYEE, IDX_AP_EXP_NUMBER, IDX_AP_EXP_STATUS",None,1000000,Yes,Employee expense claims

AR-T001,AR,Accounts Receivable,AR_CUSTOMERS,Customer master data,CUSTOMER_ID,"CUSTOMER_ID, CUSTOMER_NUMBER, CUSTOMER_NAME, TAX_ID, STATUS","IDX_AR_CUST_NUMBER, IDX_AR_CUST_NAME, IDX_AR_CUST_TAX",None,100000,Yes,Customer master records
AR-T002,AR,Accounts Receivable,AR_CUSTOMER_SITES,Customer site details,CUSTOMER_SITE_ID,"CUSTOMER_SITE_ID, CUSTOMER_ID, SITE_NAME, ADDRESS_ID, PAYMENT_TERMS","IDX_AR_SITES_CUSTOMER, IDX_AR_SITES_NAME","CUSTOMER_ID->AR_CUSTOMERS(CUSTOMER_ID)",200000,Yes,Customer bill-to/ship-to locations
AR-T003,AR,Accounts Receivable,AR_INVOICES,Invoice headers,INVOICE_ID,"INVOICE_ID, CUSTOMER_ID, INVOICE_NUMBER, INVOICE_DATE, TOTAL_AMOUNT, STATUS","IDX_AR_INV_CUSTOMER, IDX_AR_INV_NUMBER, IDX_AR_INV_DATE, IDX_AR_INV_STATUS","CUSTOMER_ID->AR_CUSTOMERS(CUSTOMER_ID)",10000000,Yes,AR invoice headers
AR-T004,AR,Accounts Receivable,AR_INVOICE_LINES,Invoice line details,INVOICE_LINE_ID,"INVOICE_LINE_ID, INVOICE_ID, LINE_NUMBER, ITEM_ID, QUANTITY, UNIT_PRICE, AMOUNT","IDX_AR_INVLINES_INVOICE, IDX_AR_INVLINES_ITEM","INVOICE_ID->AR_INVOICES(INVOICE_ID)",40000000,Yes,Invoice line items
AR-T005,AR,Accounts Receivable,AR_INVOICE_DISTRIBUTIONS,Invoice accounting distributions,DISTRIBUTION_ID,"DISTRIBUTION_ID, INVOICE_LINE_ID, ACCOUNT_ID, AMOUNT","IDX_AR_DIST_LINE, IDX_AR_DIST_ACCOUNT","INVOICE_LINE_ID->AR_INVOICE_LINES(INVOICE_LINE_ID), ACCOUNT_ID->GL_ACCOUNTS(ACCOUNT_ID)",50000000,Yes,Revenue recognition distributions
AR-T006,AR,Accounts Receivable,AR_RECEIPTS,Cash receipt headers,RECEIPT_ID,"RECEIPT_ID, RECEIPT_NUMBER, RECEIPT_DATE, CUSTOMER_ID, AMOUNT, PAYMENT_METHOD","IDX_AR_RCPT_NUMBER, IDX_AR_RCPT_DATE, IDX_AR_RCPT_CUSTOMER","CUSTOMER_ID->AR_CUSTOMERS(CUSTOMER_ID)",5000000,Yes,Customer payments
AR-T007,AR,Accounts Receivable,AR_RECEIPT_APPLICATIONS,Receipt applications,APPLICATION_ID,"APPLICATION_ID, RECEIPT_ID, INVOICE_ID, APPLIED_AMOUNT, APPLICATION_DATE","IDX_AR_APP_RECEIPT, IDX_AR_APP_INVOICE","RECEIPT_ID->AR_RECEIPTS(RECEIPT_ID), INVOICE_ID->AR_INVOICES(INVOICE_ID)",8000000,Yes,Payments applied to invoices
AR-T008,AR,Accounts Receivable,AR_ADJUSTMENTS,Invoice adjustments,ADJUSTMENT_ID,"ADJUSTMENT_ID, INVOICE_ID, ADJUSTMENT_TYPE, AMOUNT, REASON","IDX_AR_ADJ_INVOICE, IDX_AR_ADJ_TYPE","INVOICE_ID->AR_INVOICES(INVOICE_ID)",1000000,Yes,Invoice adjustments
AR-T009,AR,Accounts Receivable,AR_CREDIT_MEMOS,Credit memos,CREDIT_MEMO_ID,"CREDIT_MEMO_ID, CUSTOMER_ID, CREDIT_NUMBER, CREDIT_DATE, AMOUNT, STATUS","IDX_AR_CM_CUSTOMER, IDX_AR_CM_NUMBER, IDX_AR_CM_STATUS","CUSTOMER_ID->AR_CUSTOMERS(CUSTOMER_ID)",2000000,Yes,Customer credits
AR-T010,AR,Accounts Receivable,AR_DEBIT_MEMOS,Debit memos,DEBIT_MEMO_ID,"DEBIT_MEMO_ID, CUSTOMER_ID, DEBIT_NUMBER, DEBIT_DATE, AMOUNT, STATUS","IDX_AR_DM_CUSTOMER, IDX_AR_DM_NUMBER","CUSTOMER_ID->AR_CUSTOMERS(CUSTOMER_ID)",500000,Yes,Additional charges
AR-T011,AR,Accounts Receivable,AR_AGING_BUCKETS,Aging bucket configuration,BUCKET_ID,"BUCKET_ID, BUCKET_NAME, FROM_DAYS, TO_DAYS",IDX_AR_BUCKET_NAME,None,10,Yes,Aging period definitions
AR-T012,AR,Accounts Receivable,AR_DUNNING_LETTERS,Dunning letter log,DUNNING_ID,"DUNNING_ID, CUSTOMER_ID, LETTER_DATE, DUNNING_LEVEL, AMOUNT_DUE","IDX_AR_DUNN_CUSTOMER, IDX_AR_DUNN_DATE","CUSTOMER_ID->AR_CUSTOMERS(CUSTOMER_ID)",500000,Yes,Collection letter history

PO-T001,PO,Purchasing,PO_SUPPLIERS,Supplier master (shared),SUPPLIER_ID,"SUPPLIER_ID, SUPPLIER_NUMBER, SUPPLIER_NAME",IDX_PO_SUPP_NUMBER,"SUPPLIER_ID->AP_SUPPLIERS(SUPPLIER_ID)",50000,Yes,Links to AP supplier master
PO-T002,PO,Purchasing,PO_ITEMS,Purchasable items,ITEM_ID,"ITEM_ID, ITEM_NUMBER, ITEM_DESCRIPTION, UOM, ITEM_TYPE","IDX_PO_ITEMS_NUMBER, IDX_PO_ITEMS_TYPE",None,200000,Yes,Items that can be purchased
PO-T003,PO,Purchasing,PO_REQUISITIONS,Purchase requisition headers,REQUISITION_ID,"REQUISITION_ID, REQUISITION_NUMBER, REQUESTOR_ID, REQUEST_DATE, STATUS","IDX_PO_REQ_NUMBER, IDX_PO_REQ_REQUESTOR, IDX_PO_REQ_STATUS",None,2000000,Yes,Purchase requests
PO-T004,PO,Purchasing,PO_REQUISITION_LINES,Requisition line details,REQUISITION_LINE_ID,"REQUISITION_LINE_ID, REQUISITION_ID, LINE_NUMBER, ITEM_ID, QUANTITY, NEED_BY_DATE","IDX_PO_REQLINES_REQ, IDX_PO_REQLINES_ITEM","REQUISITION_ID->PO_REQUISITIONS(REQUISITION_ID), ITEM_ID->PO_ITEMS(ITEM_ID)",8000000,Yes,Requisition line items
PO-T005,PO,Purchasing,PO_HEADERS,Purchase order headers,PO_ID,"PO_ID, PO_NUMBER, SUPPLIER_ID, ORDER_DATE, TOTAL_AMOUNT, STATUS","IDX_PO_HDR_NUMBER, IDX_PO_HDR_SUPPLIER, IDX_PO_HDR_STATUS","SUPPLIER_ID->AP_SUPPLIERS(SUPPLIER_ID)",5000000,Yes,Purchase order headers
PO-T006,PO,Purchasing,PO_LINES,Purchase order lines,PO_LINE_ID,"PO_LINE_ID, PO_ID, LINE_NUMBER, ITEM_ID, QUANTITY, UNIT_PRICE, AMOUNT","IDX_PO_LINES_PO, IDX_PO_LINES_ITEM","PO_ID->PO_HEADERS(PO_ID), ITEM_ID->PO_ITEMS(ITEM_ID)",20000000,Yes,PO line items
PO-T007,PO,Purchasing,PO_SHIPMENTS,PO shipment schedules,SHIPMENT_ID,"SHIPMENT_ID, PO_LINE_ID, SHIPMENT_NUMBER, QUANTITY, SHIP_TO_LOCATION, NEED_BY_DATE","IDX_PO_SHIP_LINE, IDX_PO_SHIP_LOCATION","PO_LINE_ID->PO_LINES(PO_LINE_ID)",25000000,Yes,Delivery schedules
PO-T008,PO,Purchasing,PO_DISTRIBUTIONS,PO accounting distributions,DISTRIBUTION_ID,"DISTRIBUTION_ID, PO_LINE_ID, ACCOUNT_ID, AMOUNT, PROJECT_ID","IDX_PO_DIST_LINE, IDX_PO_DIST_ACCOUNT","PO_LINE_ID->PO_LINES(PO_LINE_ID), ACCOUNT_ID->GL_ACCOUNTS(ACCOUNT_ID)",30000000,Yes,Expense/asset distributions
PO-T009,PO,Purchasing,PO_RECEIPTS,Receipt headers,RECEIPT_ID,"RECEIPT_ID, RECEIPT_NUMBER, RECEIPT_DATE, SUPPLIER_ID, STATUS","IDX_PO_RCPT_NUMBER, IDX_PO_RCPT_DATE, IDX_PO_RCPT_SUPPLIER","SUPPLIER_ID->AP_SUPPLIERS(SUPPLIER_ID)",3000000,Yes,Goods receipt headers
PO-T010,PO,Purchasing,PO_RECEIPT_LINES,Receipt line details,RECEIPT_LINE_ID,"RECEIPT_LINE_ID, RECEIPT_ID, PO_LINE_ID, QUANTITY_RECEIVED","IDX_PO_RCPTLINES_RCPT, IDX_PO_RCPTLINES_PO","RECEIPT_ID->PO_RECEIPTS(RECEIPT_ID), PO_LINE_ID->PO_LINES(PO_LINE_ID)",10000000,Yes,Received quantities
PO-T011,PO,Purchasing,PO_CONTRACTS,Blanket purchase agreements,CONTRACT_ID,"CONTRACT_ID, CONTRACT_NUMBER, SUPPLIER_ID, START_DATE, END_DATE, TOTAL_AMOUNT","IDX_PO_CONT_NUMBER, IDX_PO_CONT_SUPPLIER","SUPPLIER_ID->AP_SUPPLIERS(SUPPLIER_ID)",50000,Yes,Long-term agreements
PO-T012,PO,Purchasing,PO_APPROVALS,PO approval workflow,APPROVAL_ID,"APPROVAL_ID, PO_ID, APPROVER_ID, APPROVAL_LEVEL, STATUS, DECISION_DATE","IDX_PO_APPR_PO, IDX_PO_APPR_APPROVER","PO_ID->PO_HEADERS(PO_ID)",10000000,Yes,Approval history

INV-T001,INV,Inventory,INV_ORGANIZATIONS,Inventory organizations,ORG_ID,"ORG_ID, ORG_CODE, ORG_NAME, ORG_TYPE",IDX_INV_ORG_CODE,None,500,Yes,Warehouses and plants
INV-T002,INV,Inventory,INV_ITEMS,Item master data,ITEM_ID,"ITEM_ID, ITEM_NUMBER, ITEM_DESCRIPTION, UOM, ITEM_TYPE, STATUS","IDX_INV_ITEMS_NUMBER, IDX_INV_ITEMS_TYPE",None,500000,Yes,Inventory item master
INV-T003,INV,Inventory,INV_ITEM_ORGANIZATIONS,Item-org assignments,ITEM_ORG_ID,"ITEM_ORG_ID, ITEM_ID, ORG_ID, PLANNING_METHOD, LEAD_TIME","IDX_INV_ITEMORG_ITEM, IDX_INV_ITEMORG_ORG","ITEM_ID->INV_ITEMS(ITEM_ID), ORG_ID->INV_ORGANIZATIONS(ORG_ID)",5000000,Yes,Item parameters by org
INV-T004,INV,Inventory,INV_ONHAND_QUANTITIES,On-hand inventory balances,ONHAND_ID,"ONHAND_ID, ITEM_ID, ORG_ID, SUBINVENTORY, LOCATOR_ID, LOT_NUMBER, QUANTITY","IDX_INV_OH_ITEM, IDX_INV_OH_ORG, IDX_INV_OH_SUBINV","ITEM_ID->INV_ITEMS(ITEM_ID), ORG_ID->INV_ORGANIZATIONS(ORG_ID)",10000000,No,Current stock levels
INV-T005,INV,Inventory,INV_TRANSACTIONS,Inventory transactions,TRANSACTION_ID,"TRANSACTION_ID, ITEM_ID, ORG_ID, TRANSACTION_TYPE, QUANTITY, TRANSACTION_DATE","IDX_INV_TXN_ITEM, IDX_INV_TXN_ORG, IDX_INV_TXN_DATE, IDX_INV_TXN_TYPE","ITEM_ID->INV_ITEMS(ITEM_ID), ORG_ID->INV_ORGANIZATIONS(ORG_ID)",100000000,Yes,All inventory movements
INV-T006,INV,Inventory,INV_SUBINVENTORIES,Subinventory definitions,SUBINVENTORY_ID,"SUBINVENTORY_ID, ORG_ID, SUBINVENTORY_CODE, SUBINVENTORY_NAME","IDX_INV_SUBINV_ORG, IDX_INV_SUBINV_CODE","ORG_ID->INV_ORGANIZATIONS(ORG_ID)",5000,Yes,Storage locations within orgs
INV-T007,INV,Inventory,INV_LOCATORS,Physical locators,LOCATOR_ID,"LOCATOR_ID, SUBINVENTORY_ID, LOCATOR_CODE, AISLE, RACK, BIN","IDX_INV_LOC_SUBINV, IDX_INV_LOC_CODE","SUBINVENTORY_ID->INV_SUBINVENTORIES(SUBINVENTORY_ID)",100000,Yes,Bin locations
INV-T008,INV,Inventory,INV_LOTS,Lot numbers,LOT_ID,"LOT_ID, ITEM_ID, LOT_NUMBER, EXPIRATION_DATE, STATUS","IDX_INV_LOTS_ITEM, IDX_INV_LOTS_NUMBER","ITEM_ID->INV_ITEMS(ITEM_ID)",5000000,Yes,Lot-controlled items
INV-T009,INV,Inventory,INV_SERIAL_NUMBERS,Serial numbers,SERIAL_ID,"SERIAL_ID, ITEM_ID, SERIAL_NUMBER, LOT_NUMBER, STATUS","IDX_INV_SERIAL_ITEM, IDX_INV_SERIAL_NUMBER","ITEM_ID->INV_ITEMS(ITEM_ID)",20000000,Yes,Serial-controlled items
INV-T010,INV,Inventory,INV_CYCLE_COUNTS,Cycle count headers,CYCLE_COUNT_ID,"CYCLE_COUNT_ID, ORG_ID, COUNT_NAME, COUNT_DATE, STATUS","IDX_INV_CC_ORG, IDX_INV_CC_DATE","ORG_ID->INV_ORGANIZATIONS(ORG_ID)",100000,Yes,Physical inventory counts
INV-T011,INV,Inventory,INV_CYCLE_COUNT_ENTRIES,Cycle count entries,COUNT_ENTRY_ID,"COUNT_ENTRY_ID, CYCLE_COUNT_ID, ITEM_ID, COUNTED_QUANTITY, SYSTEM_QUANTITY","IDX_INV_CCE_CC, IDX_INV_CCE_ITEM","CYCLE_COUNT_ID->INV_CYCLE_COUNTS(CYCLE_COUNT_ID), ITEM_ID->INV_ITEMS(ITEM_ID)",5000000,Yes,Count details
INV-T012,INV,Inventory,INV_TRANSFERS,Transfer orders,TRANSFER_ID,"TRANSFER_ID, FROM_ORG_ID, TO_ORG_ID, TRANSFER_DATE, STATUS","IDX_INV_XFER_FROM, IDX_INV_XFER_TO","FROM_ORG_ID->INV_ORGANIZATIONS(ORG_ID), TO_ORG_ID->INV_ORGANIZATIONS(ORG_ID)",2000000,Yes,Inter-org transfers

OM-T001,OM,Order Management,OM_CUSTOMERS,Customer master (shared),CUSTOMER_ID,"CUSTOMER_ID, CUSTOMER_NUMBER, CUSTOMER_NAME",IDX_OM_CUST_NUMBER,"CUSTOMER_ID->AR_CUSTOMERS(CUSTOMER_ID)",100000,Yes,Links to AR customer master
OM-T002,OM,Order Management,OM_ITEMS,Saleable items,ITEM_ID,"ITEM_ID, ITEM_NUMBER, ITEM_DESCRIPTION",IDX_OM_ITEMS_NUMBER,"ITEM_ID->INV_ITEMS(ITEM_ID)",200000,Yes,Items available for sale
OM-T003,OM,Order Management,OM_PRICE_LISTS,Price list headers,PRICE_LIST_ID,"PRICE_LIST_ID, PRICE_LIST_NAME, CURRENCY_CODE, START_DATE, END_DATE","IDX_OM_PL_NAME, IDX_OM_PL_CURRENCY",None,1000,Yes,Pricing lists
OM-T004,OM,Order Management,OM_PRICE_LIST_LINES,Price list lines,PRICE_LIST_LINE_ID,"PRICE_LIST_LINE_ID, PRICE_LIST_ID, ITEM_ID, UNIT_PRICE","IDX_OM_PLL_LIST, IDX_OM_PLL_ITEM","PRICE_LIST_ID->OM_PRICE_LISTS(PRICE_LIST_ID), ITEM_ID->INV_ITEMS(ITEM_ID)",500000,Yes,Item prices
OM-T005,OM,Order Management,OM_ORDERS,Sales order headers,ORDER_ID,"ORDER_ID, ORDER_NUMBER, CUSTOMER_ID, ORDER_DATE, TOTAL_AMOUNT, STATUS","IDX_OM_ORD_NUMBER, IDX_OM_ORD_CUSTOMER, IDX_OM_ORD_DATE, IDX_OM_ORD_STATUS","CUSTOMER_ID->AR_CUSTOMERS(CUSTOMER_ID)",20000000,Yes,Sales order headers
OM-T006,OM,Order Management,OM_ORDER_LINES,Sales order lines,ORDER_LINE_ID,"ORDER_LINE_ID, ORDER_ID, LINE_NUMBER, ITEM_ID, QUANTITY, UNIT_PRICE, AMOUNT","IDX_OM_ORDLINES_ORDER, IDX_OM_ORDLINES_ITEM","ORDER_ID->OM_ORDERS(ORDER_ID), ITEM_ID->INV_ITEMS(ITEM_ID)",80000000,Yes,Order line items
OM-T007,OM,Order Management,OM_ORDER_HOLDS,Order holds,HOLD_ID,"HOLD_ID, ORDER_ID, HOLD_TYPE, HOLD_REASON, RELEASE_DATE","IDX_OM_HOLDS_ORDER, IDX_OM_HOLDS_TYPE","ORDER_ID->OM_ORDERS(ORDER_ID)",2000000,Yes,Order processing holds
OM-T008,OM,Order Management,OM_SHIPMENTS,Shipment headers,SHIPMENT_ID,"SHIPMENT_ID, SHIPMENT_NUMBER, SHIP_DATE, CARRIER, TRACKING_NUMBER","IDX_OM_SHIP_NUMBER, IDX_OM_SHIP_DATE, IDX_OM_SHIP_TRACKING",None,10000000,Yes,Shipment batches
OM-T009,OM,Order Management,OM_SHIPMENT_LINES,Shipment line details,SHIPMENT_LINE_ID,"SHIPMENT_LINE_ID, SHIPMENT_ID, ORDER_LINE_ID, SHIPPED_QUANTITY","IDX_OM_SHIPLINES_SHIP, IDX_OM_SHIPLINES_ORDER","SHIPMENT_ID->OM_SHIPMENTS(SHIPMENT_ID), ORDER_LINE_ID->OM_ORDER_LINES(ORDER_LINE_ID)",40000000,Yes,Shipped quantities
OM-T010,OM,Order Management,OM_RETURNS,Return headers,RETURN_ID,"RETURN_ID, RETURN_NUMBER, CUSTOMER_ID, RETURN_DATE, STATUS","IDX_OM_RET_NUMBER, IDX_OM_RET_CUSTOMER, IDX_OM_RET_STATUS","CUSTOMER_ID->AR_CUSTOMERS(CUSTOMER_ID)",1000000,Yes,Return merchandise authorizations
OM-T011,OM,Order Management,OM_RETURN_LINES,Return line details,RETURN_LINE_ID,"RETURN_LINE_ID, RETURN_ID, ORDER_LINE_ID, RETURN_QUANTITY, RETURN_REASON","IDX_OM_RETLINES_RET, IDX_OM_RETLINES_ORDER","RETURN_ID->OM_RETURNS(RETURN_ID), ORDER_LINE_ID->OM_ORDER_LINES(ORDER_LINE_ID)",3000000,Yes,Returned items
OM-T012,OM,Order Management,OM_QUOTES,Sales quotations,QUOTE_ID,"QUOTE_ID, QUOTE_NUMBER, CUSTOMER_ID, QUOTE_DATE, VALID_UNTIL, STATUS","IDX_OM_QUOTE_NUMBER, IDX_OM_QUOTE_CUSTOMER, IDX_OM_QUOTE_STATUS","CUSTOMER_ID->AR_CUSTOMERS(CUSTOMER_ID)",5000000,Yes,Sales quotes

CM-T001,CM,Cost Management,CM_COSTING_METHODS,Costing method configuration,COSTING_METHOD_ID,"COSTING_METHOD_ID, METHOD_NAME, METHOD_TYPE, ORG_ID",IDX_CM_METHOD_ORG,"ORG_ID->INV_ORGANIZATIONS(ORG_ID)",100,Yes,Standard/Average/FIFO/LIFO/Actual
CM-T002,CM,Cost Management,CM_COST_TYPES,Cost type definitions,COST_TYPE_ID,"COST_TYPE_ID, COST_TYPE_NAME, COST_TYPE_DESCRIPTION",IDX_CM_COSTTYPE_NAME,None,50,Yes,Material/Labor/Overhead/etc
CM-T003,CM,Cost Management,CM_ITEM_COSTS,Item cost details,ITEM_COST_ID,"ITEM_COST_ID, ITEM_ID, ORG_ID, COST_TYPE_ID, UNIT_COST, EFFECTIVE_DATE","IDX_CM_IC_ITEM, IDX_CM_IC_ORG, IDX_CM_IC_DATE","ITEM_ID->INV_ITEMS(ITEM_ID), ORG_ID->INV_ORGANIZATIONS(ORG_ID)",10000000,Yes,Item costs by type
CM-T004,CM,Cost Management,CM_STANDARD_COSTS,Standard cost definitions,STANDARD_COST_ID,"STANDARD_COST_ID, ITEM_ID, ORG_ID, STANDARD_COST, EFFECTIVE_DATE","IDX_CM_STD_ITEM, IDX_CM_STD_ORG","ITEM_ID->INV_ITEMS(ITEM_ID), ORG_ID->INV_ORGANIZATIONS(ORG_ID)",5000000,Yes,Predetermined costs
CM-T005,CM,Cost Management,CM_COST_VARIANCES,Cost variance tracking,VARIANCE_ID,"VARIANCE_ID, ITEM_ID, ORG_ID, VARIANCE_TYPE, VARIANCE_AMOUNT, TRANSACTION_DATE","IDX_CM_VAR_ITEM, IDX_CM_VAR_DATE","ITEM_ID->INV_ITEMS(ITEM_ID)",50000000,Yes,Purchase/Usage/Rate variances
CM-T006,CM,Cost Management,CM_OVERHEAD_POOLS,Overhead cost pools,POOL_ID,"POOL_ID, POOL_NAME, ORG_ID, POOL_TYPE",IDX_CM_POOL_ORG,"ORG_ID->INV_ORGANIZATIONS(ORG_ID)",500,Yes,Overhead groupings
CM-T007,CM,Cost Management,CM_OVERHEAD_RATES,Overhead rate definitions,RATE_ID,"RATE_ID, POOL_ID, RATE_AMOUNT, EFFECTIVE_DATE, BASIS","IDX_CM_RATE_POOL, IDX_CM_RATE_DATE","POOL_ID->CM_OVERHEAD_POOLS(POOL_ID)",5000,Yes,Overhead application rates
CM-T008,CM,Cost Management,CM_ACTIVITY_COSTS,Activity-based costing,ACTIVITY_COST_ID,"ACTIVITY_COST_ID, ACTIVITY_ID, COST_DRIVER, COST_PER_DRIVER","IDX_CM_ABC_ACTIVITY",None,10000,Yes,ABC cost assignments
CM-T009,CM,Cost Management,CM_WIP_VALUES,Work in process valuations,WIP_VALUE_ID,"WIP_VALUE_ID, WIP_JOB_ID, ORG_ID, MATERIAL_COST, LABOR_COST, OVERHEAD_COST","IDX_CM_WIP_JOB, IDX_CM_WIP_ORG",None,2000000,No,WIP inventory values
CM-T010,CM,Cost Management,CM_COST_ROLLUPS,Cost rollup history,ROLLUP_ID,"ROLLUP_ID, ORG_ID, ROLLUP_DATE, STATUS","IDX_CM_ROLLUP_ORG, IDX_CM_ROLLUP_DATE","ORG_ID->INV_ORGANIZATIONS(ORG_ID)",10000,Yes,Cost recalculation runs
CM-T011,CM,Cost Management,CM_MARGIN_ANALYSIS,Product margin analysis,MARGIN_ID,"MARGIN_ID, ITEM_ID, SALES_PRICE, COST, MARGIN_PERCENT","IDX_CM_MARGIN_ITEM","ITEM_ID->INV_ITEMS(ITEM_ID)",1000000,No,Profitability analysis
CM-T012,CM,Cost Management,CM_COST_ADJUSTMENTS,Cost adjustment journal,ADJUSTMENT_ID,"ADJUSTMENT_ID, ITEM_ID, ORG_ID, OLD_COST, NEW_COST, ADJUSTMENT_DATE","IDX_CM_ADJ_ITEM, IDX_CM_ADJ_DATE","ITEM_ID->INV_ITEMS(ITEM_ID)",500000,Yes,Manual cost corrections

LCM-T001,LCM,Landed Cost,LCM_COST_COMPONENTS,Landed cost component definitions,COMPONENT_ID,"COMPONENT_ID, COMPONENT_NAME, COMPONENT_TYPE, CALCULATION_METHOD",IDX_LCM_COMP_TYPE,None,100,Yes,Freight/Duty/Insurance/Handling
LCM-T002,LCM,Landed Cost,LCM_SHIPMENTS,International shipment headers,SHIPMENT_ID,"SHIPMENT_ID, SHIPMENT_NUMBER, PO_ID, ORIGIN_PORT, DESTINATION_PORT, STATUS","IDX_LCM_SHIP_NUMBER, IDX_LCM_SHIP_PO, IDX_LCM_SHIP_STATUS","PO_ID->PO_HEADERS(PO_ID)",500000,Yes,Import shipments
LCM-T003,LCM,Landed Cost,LCM_SHIPMENT_LINES,Shipment line details,SHIPMENT_LINE_ID,"SHIPMENT_LINE_ID, SHIPMENT_ID, PO_LINE_ID, QUANTITY, WEIGHT, VOLUME","IDX_LCM_SHIPLINES_SHIP, IDX_LCM_SHIPLINES_PO","SHIPMENT_ID->LCM_SHIPMENTS(SHIPMENT_ID), PO_LINE_ID->PO_LINES(PO_LINE_ID)",2000000,Yes,Shipment items
LCM-T004,LCM,Landed Cost,LCM_FREIGHT_CHARGES,Freight charges,FREIGHT_ID,"FREIGHT_ID, SHIPMENT_ID, CARRIER, FREIGHT_AMOUNT, ALLOCATION_BASIS","IDX_LCM_FREIGHT_SHIP","SHIPMENT_ID->LCM_SHIPMENTS(SHIPMENT_ID)",500000,Yes,Transportation costs
LCM-T005,LCM,Landed Cost,LCM_DUTY_CHARGES,Duty and customs charges,DUTY_ID,"DUTY_ID, SHIPMENT_LINE_ID, HTS_CODE, DUTY_RATE, DUTY_AMOUNT","IDX_LCM_DUTY_LINE, IDX_LCM_DUTY_HTS","SHIPMENT_LINE_ID->LCM_SHIPMENT_LINES(SHIPMENT_LINE_ID)",2000000,Yes,Import duties
LCM-T006,LCM,Landed Cost,LCM_HTS_CODES,Harmonized tariff schedule,HTS_CODE_ID,"HTS_CODE_ID, HTS_CODE, DESCRIPTION, DUTY_RATE","IDX_LCM_HTS_CODE",None,100000,Yes,Tariff classifications
LCM-T007,LCM,Landed Cost,LCM_INSURANCE,Insurance charges,INSURANCE_ID,"INSURANCE_ID, SHIPMENT_ID, INSURANCE_AMOUNT, POLICY_NUMBER","IDX_LCM_INS_SHIP","SHIPMENT_ID->LCM_SHIPMENTS(SHIPMENT_ID)",500000,Yes,Cargo insurance
LCM-T008,LCM,Landed Cost,LCM_BROKER_FEES,Customs broker fees,BROKER_FEE_ID,"BROKER_FEE_ID, SHIPMENT_ID, BROKER_ID, FEE_AMOUNT","IDX_LCM_BROKER_SHIP","SHIPMENT_ID->LCM_SHIPMENTS(SHIPMENT_ID)",500000,Yes,Brokerage charges
LCM-T009,LCM,Landed Cost,LCM_COST_ALLOCATIONS,Landed cost allocations,ALLOCATION_ID,"ALLOCATION_ID, SHIPMENT_LINE_ID, COMPONENT_ID, ALLOCATED_AMOUNT","IDX_LCM_ALLOC_LINE, IDX_LCM_ALLOC_COMP","SHIPMENT_LINE_ID->LCM_SHIPMENT_LINES(SHIPMENT_LINE_ID), COMPONENT_ID->LCM_COST_COMPONENTS(COMPONENT_ID)",5000000,Yes,Cost apportionment to items
LCM-T010,LCM,Landed Cost,LCM_FTA_AGREEMENTS,Free trade agreements,FTA_ID,"FTA_ID, FTA_NAME, COUNTRY_FROM, COUNTRY_TO, EFFECTIVE_DATE","IDX_LCM_FTA_COUNTRIES",None,100,Yes,Trade agreement master
LCM-T011,LCM,Landed Cost,LCM_CERTIFICATES_OF_ORIGIN,Certificates of origin,CERTIFICATE_ID,"CERTIFICATE_ID, SHIPMENT_ID, CERTIFICATE_NUMBER, ISSUE_DATE, FTA_ID","IDX_LCM_CERT_SHIP, IDX_LCM_CERT_NUMBER","SHIPMENT_ID->LCM_SHIPMENTS(SHIPMENT_ID)",500000,Yes,Origin documentation
LCM-T012,LCM,Landed Cost,LCM_TCO_ANALYSIS,Total cost of ownership,TCO_ID,"TCO_ID, ITEM_ID, SUPPLIER_ID, TCO_AMOUNT, ANALYSIS_DATE","IDX_LCM_TCO_ITEM, IDX_LCM_TCO_SUPP","ITEM_ID->INV_ITEMS(ITEM_ID), SUPPLIER_ID->AP_SUPPLIERS(SUPPLIER_ID)",100000,No,Comprehensive cost analysis

PDM-T001,PDM,Product Management,PDM_PRODUCTS,Product master data,PRODUCT_ID,"PRODUCT_ID, PRODUCT_NUMBER, PRODUCT_NAME, PRODUCT_TYPE, STATUS","IDX_PDM_PROD_NUMBER, IDX_PDM_PROD_NAME, IDX_PDM_PROD_TYPE",None,1000000,Yes,Central product repository
PDM-T002,PDM,Product Management,PDM_PRODUCT_ATTRIBUTES,Product attribute definitions,ATTRIBUTE_ID,"ATTRIBUTE_ID, ATTRIBUTE_NAME, ATTRIBUTE_TYPE, DATA_TYPE",IDX_PDM_ATTR_NAME,None,500,Yes,Flexible attribute definitions
PDM-T003,PDM,Product Management,PDM_PRODUCT_ATTRIBUTE_VALUES,Product attribute values,ATTRIBUTE_VALUE_ID,"ATTRIBUTE_VALUE_ID, PRODUCT_ID, ATTRIBUTE_ID, ATTRIBUTE_VALUE","IDX_PDM_AV_PRODUCT, IDX_PDM_AV_ATTR","PRODUCT_ID->PDM_PRODUCTS(PRODUCT_ID), ATTRIBUTE_ID->PDM_PRODUCT_ATTRIBUTES(ATTRIBUTE_ID)",50000000,Yes,EAV model values
PDM-T004,PDM,Product Management,PDM_CATEGORIES,Product category hierarchy,CATEGORY_ID,"CATEGORY_ID, CATEGORY_NAME, PARENT_CATEGORY_ID, LEVEL","IDX_PDM_CAT_NAME, IDX_PDM_CAT_PARENT",None,10000,Yes,Taxonomy structure
PDM-T005,PDM,Product Management,PDM_PRODUCT_CATEGORIES,Product-category assignments,PRODUCT_CATEGORY_ID,"PRODUCT_CATEGORY_ID, PRODUCT_ID, CATEGORY_ID, PRIMARY_FLAG","IDX_PDM_PC_PRODUCT, IDX_PDM_PC_CATEGORY","PRODUCT_ID->PDM_PRODUCTS(PRODUCT_ID), CATEGORY_ID->PDM_CATEGORIES(CATEGORY_ID)",5000000,Yes,Product classifications
PDM-T006,PDM,Product Management,PDM_PRODUCT_RELATIONSHIPS,Product relationships,RELATIONSHIP_ID,"RELATIONSHIP_ID, PARENT_PRODUCT_ID, CHILD_PRODUCT_ID, RELATIONSHIP_TYPE","IDX_PDM_REL_PARENT, IDX_PDM_REL_CHILD","PARENT_PRODUCT_ID->PDM_PRODUCTS(PRODUCT_ID), CHILD_PRODUCT_ID->PDM_PRODUCTS(PRODUCT_ID)",2000000,Yes,Variants/Bundles/Cross-sell
PDM-T007,PDM,Product Management,PDM_PRODUCT_LIFECYCLE,Product lifecycle tracking,LIFECYCLE_ID,"LIFECYCLE_ID, PRODUCT_ID, STATUS, EFFECTIVE_DATE","IDX_PDM_LIFE_PRODUCT, IDX_PDM_LIFE_DATE","PRODUCT_ID->PDM_PRODUCTS(PRODUCT_ID)",3000000,Yes,Intro/Growth/Maturity/Decline
PDM-T008,PDM,Product Management,PDM_DIGITAL_ASSETS,Digital asset management,ASSET_ID,"ASSET_ID, PRODUCT_ID, ASSET_TYPE, FILE_PATH, FILE_NAME","IDX_PDM_ASSET_PRODUCT, IDX_PDM_ASSET_TYPE","PRODUCT_ID->PDM_PRODUCTS(PRODUCT_ID)",10000000,Yes,Images/Videos/Documents
PDM-T009,PDM,Product Management,PDM_PRODUCT_TRANSLATIONS,Multilingual product data,TRANSLATION_ID,"TRANSLATION_ID, PRODUCT_ID, LANGUAGE_CODE, FIELD_NAME, TRANSLATED_VALUE","IDX_PDM_TRANS_PRODUCT, IDX_PDM_TRANS_LANG","PRODUCT_ID->PDM_PRODUCTS(PRODUCT_ID)",20000000,Yes,Localized content
PDM-T010,PDM,Product Management,PDM_CATALOGS,Product catalog definitions,CATALOG_ID,"CATALOG_ID, CATALOG_NAME, CHANNEL, EFFECTIVE_DATE","IDX_PDM_CATALOG_NAME, IDX_PDM_CATALOG_CHANNEL",None,1000,Yes,Web/Print/Mobile catalogs
PDM-T011,PDM,Product Management,PDM_CATALOG_PRODUCTS,Catalog-product assignments,CATALOG_PRODUCT_ID,"CATALOG_PRODUCT_ID, CATALOG_ID, PRODUCT_ID, DISPLAY_SEQUENCE","IDX_PDM_CP_CATALOG, IDX_PDM_CP_PRODUCT","CATALOG_ID->PDM_CATALOGS(CATALOG_ID), PRODUCT_ID->PDM_PRODUCTS(PRODUCT_ID)",5000000,Yes,Products in catalogs
PDM-T012,PDM,Product Management,PDM_SPECIFICATIONS,Technical specifications,SPECIFICATION_ID,"SPECIFICATION_ID, PRODUCT_ID, SPEC_NAME, SPEC_VALUE, UOM","IDX_PDM_SPEC_PRODUCT","PRODUCT_ID->PDM_PRODUCTS(PRODUCT_ID)",10000000,Yes,Technical details

CSH-T001,CSH,Cash Management,CSH_BANK_ACCOUNTS,Bank account master,BANK_ACCOUNT_ID,"BANK_ACCOUNT_ID, ACCOUNT_NUMBER, BANK_NAME, CURRENCY_CODE, STATUS","IDX_CSH_BA_NUMBER, IDX_CSH_BA_CURRENCY",None,500,Yes,Company bank accounts
CSH-T002,CSH,Cash Management,CSH_BANK_BRANCHES,Bank branch details,BRANCH_ID,"BRANCH_ID, BANK_ACCOUNT_ID, BRANCH_NAME, ROUTING_NUMBER, SWIFT_CODE","IDX_CSH_BRANCH_ACCOUNT, IDX_CSH_BRANCH_ROUTING","BANK_ACCOUNT_ID->CSH_BANK_ACCOUNTS(BANK_ACCOUNT_ID)",1000,Yes,Bank location details
CSH-T003,CSH,Cash Management,CSH_BANK_STATEMENTS,Bank statement headers,STATEMENT_ID,"STATEMENT_ID, BANK_ACCOUNT_ID, STATEMENT_DATE, OPENING_BALANCE, CLOSING_BALANCE","IDX_CSH_STMT_ACCOUNT, IDX_CSH_STMT_DATE","BANK_ACCOUNT_ID->CSH_BANK_ACCOUNTS(BANK_ACCOUNT_ID)",100000,Yes,Monthly bank statements
CSH-T004,CSH,Cash Management,CSH_BANK_STATEMENT_LINES,Bank statement line details,STATEMENT_LINE_ID,"STATEMENT_LINE_ID, STATEMENT_ID, TRANSACTION_DATE, AMOUNT, DESCRIPTION","IDX_CSH_STMTLINE_STMT, IDX_CSH_STMTLINE_DATE","STATEMENT_ID->CSH_BANK_STATEMENTS(STATEMENT_ID)",5000000,Yes,Statement transactions
CSH-T005,CSH,Cash Management,CSH_RECEIPTS,Cash receipts,RECEIPT_ID,"RECEIPT_ID, BANK_ACCOUNT_ID, RECEIPT_DATE, AMOUNT, RECEIPT_METHOD","IDX_CSH_RCPT_ACCOUNT, IDX_CSH_RCPT_DATE","BANK_ACCOUNT_ID->CSH_BANK_ACCOUNTS(BANK_ACCOUNT_ID)",5000000,Yes,Incoming payments
CSH-T006,CSH,Cash Management,CSH_DISBURSEMENTS,Cash disbursements,DISBURSEMENT_ID,"DISBURSEMENT_ID, BANK_ACCOUNT_ID, PAYMENT_DATE, AMOUNT, PAYMENT_METHOD","IDX_CSH_DISB_ACCOUNT, IDX_CSH_DISB_DATE","BANK_ACCOUNT_ID->CSH_BANK_ACCOUNTS(BANK_ACCOUNT_ID)",3000000,Yes,Outgoing payments
CSH-T007,CSH,Cash Management,CSH_RECONCILIATIONS,Bank reconciliation headers,RECONCILIATION_ID,"RECONCILIATION_ID, BANK_ACCOUNT_ID, RECONCILIATION_DATE, STATUS","IDX_CSH_RECON_ACCOUNT, IDX_CSH_RECON_DATE","BANK_ACCOUNT_ID->CSH_BANK_ACCOUNTS(BANK_ACCOUNT_ID)",50000,Yes,Reconciliation runs
CSH-T008,CSH,Cash Management,CSH_RECONCILIATION_LINES,Reconciliation line matching,RECON_LINE_ID,"RECON_LINE_ID, RECONCILIATION_ID, STATEMENT_LINE_ID, SYSTEM_TRANSACTION_ID, MATCH_STATUS","IDX_CSH_RECONLINE_RECON, IDX_CSH_RECONLINE_STATUS","RECONCILIATION_ID->CSH_RECONCILIATIONS(RECONCILIATION_ID), STATEMENT_LINE_ID->CSH_BANK_STATEMENT_LINES(STATEMENT_LINE_ID)",5000000,Yes,Matched/Unmatched items
CSH-T009,CSH,Cash Management,CSH_CASH_FORECASTS,Cash forecast models,FORECAST_ID,"FORECAST_ID, FORECAST_NAME, FORECAST_DATE, FORECAST_PERIOD","IDX_CSH_FCST_DATE",None,10000,Yes,Cash projections
CSH-T010,CSH,Cash Management,CSH_FORECAST_LINES,Forecast line details,FORECAST_LINE_ID,"FORECAST_LINE_ID, FORECAST_ID, FORECAST_TYPE, FORECAST_AMOUNT, FORECAST_DATE","IDX_CSH_FCSTLINE_FCST, IDX_CSH_FCSTLINE_TYPE","FORECAST_ID->CSH_CASH_FORECASTS(FORECAST_ID)",500000,Yes,Receipts/Disbursements forecast
CSH-T011,CSH,Cash Management,CSH_POSITIVE_PAY,Positive pay file tracking,POSITIVE_PAY_ID,"POSITIVE_PAY_ID, BANK_ACCOUNT_ID, FILE_DATE, CHECK_COUNT, TOTAL_AMOUNT","IDX_CSH_PP_ACCOUNT, IDX_CSH_PP_DATE","BANK_ACCOUNT_ID->CSH_BANK_ACCOUNTS(BANK_ACCOUNT_ID)",50000,Yes,Fraud prevention files
CSH-T012,CSH,Cash Management,CSH_POSITIVE_PAY_LINES,Positive pay check details,PP_LINE_ID,"PP_LINE_ID, POSITIVE_PAY_ID, CHECK_NUMBER, PAYEE, AMOUNT","IDX_CSH_PPLINE_PP, IDX_CSH_PPLINE_CHECK","POSITIVE_PAY_ID->CSH_POSITIVE_PAY(POSITIVE_PAY_ID)",3000000,Yes,Check register
CSH-T013,CSH,Cash Management,CSH_TREASURY_POSITIONS,Daily treasury positions,POSITION_ID,"POSITION_ID, POSITION_DATE, TOTAL_RECEIPTS, TOTAL_DISBURSEMENTS, NET_POSITION","IDX_CSH_POS_DATE",None,10000,No,Daily cash position
CSH-T014,CSH,Cash Management,CSH_INVESTMENTS,Short-term investments,INVESTMENT_ID,"INVESTMENT_ID, INVESTMENT_TYPE, PRINCIPAL_AMOUNT, INTEREST_RATE, MATURITY_DATE","IDX_CSH_INV_TYPE, IDX_CSH_INV_MATURITY",None,1000,Yes,Money market/CDs

FA-T001,FA,Fixed Assets,FA_ASSET_CATEGORIES,Asset category master,CATEGORY_ID,"CATEGORY_ID, CATEGORY_NAME, ASSET_TYPE, DEFAULT_LIFE","IDX_FA_CAT_NAME, IDX_FA_CAT_TYPE",None,500,Yes,Building/Equipment/Vehicle/IT
FA-T002,FA,Fixed Assets,FA_BOOKS,Depreciation book setup,BOOK_ID,"BOOK_ID, BOOK_NAME, BOOK_TYPE, CURRENCY_CODE","IDX_FA_BOOK_NAME, IDX_FA_BOOK_TYPE",None,50,Yes,Corporate/Tax/IFRS books
FA-T003,FA,Fixed Assets,FA_ASSETS,Asset master data,ASSET_ID,"ASSET_ID, ASSET_NUMBER, ASSET_NAME, CATEGORY_ID, STATUS","IDX_FA_ASSET_NUMBER, IDX_FA_ASSET_NAME, IDX_FA_ASSET_CAT, IDX_FA_ASSET_STATUS","CATEGORY_ID->FA_ASSET_CATEGORIES(CATEGORY_ID)",500000,Yes,Fixed asset master
FA-T004,FA,Fixed Assets,FA_ASSET_BOOKS,Asset book assignments,ASSET_BOOK_ID,"ASSET_BOOK_ID, ASSET_ID, BOOK_ID, COST, SALVAGE_VALUE, USEFUL_LIFE","IDX_FA_AB_ASSET, IDX_FA_AB_BOOK","ASSET_ID->FA_ASSETS(ASSET_ID), BOOK_ID->FA_BOOKS(BOOK_ID)",1500000,Yes,Asset depreciation per book
FA-T005,FA,Fixed Assets,FA_DEPRECIATION_METHODS,Depreciation method configuration,METHOD_ID,"METHOD_ID, METHOD_NAME, METHOD_TYPE, FORMULA","IDX_FA_METHOD_NAME, IDX_FA_METHOD_TYPE",None,50,Yes,SL/DB/SYD/Units methods
FA-T006,FA,Fixed Assets,FA_DEPRECIATION_RULES,Depreciation rule assignments,RULE_ID,"RULE_ID, CATEGORY_ID, BOOK_ID, METHOD_ID, LIFE_IN_MONTHS","IDX_FA_RULE_CAT, IDX_FA_RULE_BOOK","CATEGORY_ID->FA_ASSET_CATEGORIES(CATEGORY_ID), BOOK_ID->FA_BOOKS(BOOK_ID), METHOD_ID->FA_DEPRECIATION_METHODS(METHOD_ID)",1000,Yes,Default depreciation setup
FA-T007,FA,Fixed Assets,FA_DEPRECIATION_DETAIL,Depreciation transaction detail,DEPRECIATION_ID,"DEPRECIATION_ID, ASSET_ID, BOOK_ID, PERIOD_ID, DEPRECIATION_AMOUNT","IDX_FA_DEPR_ASSET, IDX_FA_DEPR_BOOK, IDX_FA_DEPR_PERIOD","ASSET_ID->FA_ASSETS(ASSET_ID), BOOK_ID->FA_BOOKS(BOOK_ID)",10000000,Yes,Period depreciation
FA-T008,FA,Fixed Assets,FA_ADDITIONS,Asset addition transactions,ADDITION_ID,"ADDITION_ID, ASSET_ID, ADDITION_DATE, ADDITION_COST, INVOICE_ID","IDX_FA_ADD_ASSET, IDX_FA_ADD_DATE","ASSET_ID->FA_ASSETS(ASSET_ID)",2000000,Yes,Initial capitalization/additions
FA-T009,FA,Fixed Assets,FA_ADJUSTMENTS,Asset adjustment transactions,ADJUSTMENT_ID,"ADJUSTMENT_ID, ASSET_ID, BOOK_ID, ADJUSTMENT_TYPE, ADJUSTMENT_AMOUNT, ADJUSTMENT_DATE","IDX_FA_ADJ_ASSET, IDX_FA_ADJ_BOOK, IDX_FA_ADJ_DATE","ASSET_ID->FA_ASSETS(ASSET_ID), BOOK_ID->FA_BOOKS(BOOK_ID)",500000,Yes,Cost/life/method changes
FA-T010,FA,Fixed Assets,FA_RETIREMENTS,Asset retirement transactions,RETIREMENT_ID,"RETIREMENT_ID, ASSET_ID, RETIREMENT_DATE, NBV, PROCEEDS, GAIN_LOSS","IDX_FA_RET_ASSET, IDX_FA_RET_DATE","ASSET_ID->FA_ASSETS(ASSET_ID)",300000,Yes,Asset disposals
FA-T011,FA,Fixed Assets,FA_TRANSFERS,Asset transfer transactions,TRANSFER_ID,"TRANSFER_ID, ASSET_ID, FROM_LOCATION, TO_LOCATION, TRANSFER_DATE","IDX_FA_XFER_ASSET, IDX_FA_XFER_DATE","ASSET_ID->FA_ASSETS(ASSET_ID)",1000000,Yes,Location/department transfers
FA-T012,FA,Fixed Assets,FA_LOCATIONS,Asset location master,LOCATION_ID,"LOCATION_ID, LOCATION_CODE, LOCATION_NAME, PARENT_LOCATION_ID","IDX_FA_LOC_CODE, IDX_FA_LOC_NAME",None,5000,Yes,Physical locations
FA-T013,FA,Fixed Assets,FA_PHYSICAL_INVENTORY,Physical asset inventory,INVENTORY_ID,"INVENTORY_ID, INVENTORY_DATE, STATUS",IDX_FA_INV_DATE,None,1000,Yes,Asset verification events
FA-T014,FA,Fixed Assets,FA_INVENTORY_LINES,Inventory line details,INVENTORY_LINE_ID,"INVENTORY_LINE_ID, INVENTORY_ID, ASSET_ID, FOUND_FLAG, CONDITION","IDX_FA_INVLINE_INV, IDX_FA_INVLINE_ASSET","INVENTORY_ID->FA_PHYSICAL_INVENTORY(INVENTORY_ID), ASSET_ID->FA_ASSETS(ASSET_ID)",500000,Yes,Asset scan results
FA-T015,FA,Fixed Assets,FA_LEASES,Lease master data,LEASE_ID,"LEASE_ID, LEASE_NUMBER, LESSOR, START_DATE, END_DATE, LEASE_TYPE","IDX_FA_LEASE_NUMBER, IDX_FA_LEASE_TYPE",None,10000,Yes,ASC 842/IFRS 16 leases
FA-T016,FA,Fixed Assets,FA_LEASE_PAYMENTS,Lease payment schedule,LEASE_PAYMENT_ID,"LEASE_PAYMENT_ID, LEASE_ID, PAYMENT_DATE, PAYMENT_AMOUNT","IDX_FA_LEASEPMT_LEASE, IDX_FA_LEASEPMT_DATE","LEASE_ID->FA_LEASES(LEASE_ID)",500000,Yes,Lease payment terms
FA-T017,FA,Fixed Assets,FA_CIP_PROJECTS,Construction in progress,CIP_PROJECT_ID,"CIP_PROJECT_ID, PROJECT_NUMBER, PROJECT_NAME, START_DATE, STATUS","IDX_FA_CIP_NUMBER, IDX_FA_CIP_STATUS",None,5000,Yes,Asset under construction
FA-T018,FA,Fixed Assets,FA_CIP_COSTS,CIP cost accumulation,CIP_COST_ID,"CIP_COST_ID, CIP_PROJECT_ID, COST_DATE, COST_AMOUNT, COST_TYPE","IDX_FA_CIPCOST_PROJECT, IDX_FA_CIPCOST_DATE","CIP_PROJECT_ID->FA_CIP_PROJECTS(CIP_PROJECT_ID)",500000,Yes,Costs capitalized to CIP

HCM-T001,HCM,HCM,HCM_EMPLOYEES,Employee master data,EMPLOYEE_ID,"EMPLOYEE_ID, EMPLOYEE_NUMBER, FIRST_NAME, LAST_NAME, HIRE_DATE, STATUS","IDX_HCM_EMP_NUMBER, IDX_HCM_EMP_NAME, IDX_HCM_EMP_STATUS",None,100000,Yes,Employee master records
HCM-T002,HCM,HCM,HCM_PERSON_DETAILS,Person detail information,PERSON_DETAIL_ID,"PERSON_DETAIL_ID, EMPLOYEE_ID, SSN, DATE_OF_BIRTH, GENDER, MARITAL_STATUS","IDX_HCM_PD_EMP, IDX_HCM_PD_SSN","EMPLOYEE_ID->HCM_EMPLOYEES(EMPLOYEE_ID)",100000,Yes,Personal information
HCM-T003,HCM,HCM,HCM_ADDRESSES,Employee addresses,ADDRESS_ID,"ADDRESS_ID, EMPLOYEE_ID, ADDRESS_TYPE, ADDRESS_LINE1, CITY, STATE, ZIP","IDX_HCM_ADDR_EMP, IDX_HCM_ADDR_TYPE","EMPLOYEE_ID->HCM_EMPLOYEES(EMPLOYEE_ID)",200000,Yes,Home/mailing addresses
HCM-T004,HCM,HCM,HCM_CONTACTS,Emergency contacts,CONTACT_ID,"CONTACT_ID, EMPLOYEE_ID, CONTACT_NAME, RELATIONSHIP, PHONE_NUMBER","IDX_HCM_CONT_EMP","EMPLOYEE_ID->HCM_EMPLOYEES(EMPLOYEE_ID)",200000,Yes,Emergency contact info
HCM-T005,HCM,HCM,HCM_ORGANIZATIONS,Organization hierarchy,ORGANIZATION_ID,"ORGANIZATION_ID, ORG_CODE, ORG_NAME, PARENT_ORG_ID, ORG_TYPE","IDX_HCM_ORG_CODE, IDX_HCM_ORG_PARENT",None,5000,Yes,Department structure
HCM-T006,HCM,HCM,HCM_JOBS,Job master data,JOB_ID,"JOB_ID, JOB_CODE, JOB_TITLE, JOB_FAMILY, FLSA_STATUS","IDX_HCM_JOB_CODE, IDX_HCM_JOB_TITLE",None,2000,Yes,Job definitions
HCM-T007,HCM,HCM,HCM_POSITIONS,Position master data,POSITION_ID,"POSITION_ID, POSITION_NUMBER, JOB_ID, ORGANIZATION_ID, STATUS","IDX_HCM_POS_NUMBER, IDX_HCM_POS_JOB, IDX_HCM_POS_ORG","JOB_ID->HCM_JOBS(JOB_ID), ORGANIZATION_ID->HCM_ORGANIZATIONS(ORGANIZATION_ID)",50000,Yes,Position inventory
HCM-T008,HCM,HCM,HCM_ASSIGNMENTS,Employee job assignments,ASSIGNMENT_ID,"ASSIGNMENT_ID, EMPLOYEE_ID, POSITION_ID, ASSIGNMENT_TYPE, START_DATE, END_DATE","IDX_HCM_ASSIGN_EMP, IDX_HCM_ASSIGN_POS, IDX_HCM_ASSIGN_DATE","EMPLOYEE_ID->HCM_EMPLOYEES(EMPLOYEE_ID), POSITION_ID->HCM_POSITIONS(POSITION_ID)",120000,Yes,Effective-dated assignments
HCM-T009,HCM,HCM,HCM_COMPENSATION,Compensation records,COMPENSATION_ID,"COMPENSATION_ID, EMPLOYEE_ID, SALARY_AMOUNT, CURRENCY_CODE, PAY_FREQUENCY, EFFECTIVE_DATE","IDX_HCM_COMP_EMP, IDX_HCM_COMP_DATE","EMPLOYEE_ID->HCM_EMPLOYEES(EMPLOYEE_ID)",200000,Yes,Salary history
HCM-T010,HCM,HCM,HCM_SALARY_GRADES,Salary grade structure,GRADE_ID,"GRADE_ID, GRADE_CODE, MIN_SALARY, MID_SALARY, MAX_SALARY","IDX_HCM_GRADE_CODE",None,100,Yes,Pay grade ranges
HCM-T011,HCM,HCM,HCM_BENEFITS_PLANS,Benefits plan definitions,PLAN_ID,"PLAN_ID, PLAN_CODE, PLAN_NAME, PLAN_TYPE, CARRIER","IDX_HCM_PLAN_CODE, IDX_HCM_PLAN_TYPE",None,200,Yes,Medical/Dental/Vision/401k
HCM-T012,HCM,HCM,HCM_BENEFITS_ENROLLMENTS,Employee benefit enrollments,ENROLLMENT_ID,"ENROLLMENT_ID, EMPLOYEE_ID, PLAN_ID, COVERAGE_LEVEL, START_DATE, END_DATE","IDX_HCM_ENROLL_EMP, IDX_HCM_ENROLL_PLAN, IDX_HCM_ENROLL_DATE","EMPLOYEE_ID->HCM_EMPLOYEES(EMPLOYEE_ID), PLAN_ID->HCM_BENEFITS_PLANS(PLAN_ID)",300000,Yes,Benefit elections
HCM-T013,HCM,HCM,HCM_PERFORMANCE_REVIEWS,Performance review records,REVIEW_ID,"REVIEW_ID, EMPLOYEE_ID, REVIEW_PERIOD, REVIEWER_ID, OVERALL_RATING, STATUS","IDX_HCM_REV_EMP, IDX_HCM_REV_PERIOD, IDX_HCM_REV_STATUS","EMPLOYEE_ID->HCM_EMPLOYEES(EMPLOYEE_ID)",500000,Yes,Annual reviews
HCM-T014,HCM,HCM,HCM_COMPETENCIES,Competency definitions,COMPETENCY_ID,"COMPETENCY_ID, COMPETENCY_NAME, COMPETENCY_TYPE, PROFICIENCY_LEVELS",IDX_HCM_COMPET_NAME,None,500,Yes,Skills/Behaviors framework
HCM-T015,HCM,HCM,HCM_EMPLOYEE_COMPETENCIES,Employee competency ratings,EMP_COMPETENCY_ID,"EMP_COMPETENCY_ID, EMPLOYEE_ID, COMPETENCY_ID, PROFICIENCY_LEVEL, ASSESSMENT_DATE","IDX_HCM_ECOMP_EMP, IDX_HCM_ECOMP_COMP","EMPLOYEE_ID->HCM_EMPLOYEES(EMPLOYEE_ID), COMPETENCY_ID->HCM_COMPETENCIES(COMPETENCY_ID)",1000000,Yes,Skill assessments
HCM-T016,HCM,HCM,HCM_GOALS,Goal definitions,GOAL_ID,"GOAL_ID, EMPLOYEE_ID, GOAL_DESCRIPTION, GOAL_WEIGHT, DUE_DATE, STATUS","IDX_HCM_GOAL_EMP, IDX_HCM_GOAL_STATUS","EMPLOYEE_ID->HCM_EMPLOYEES(EMPLOYEE_ID)",500000,Yes,Performance goals
HCM-T017,HCM,HCM,HCM_SUCCESSION_PLANS,Succession planning,SUCCESSION_ID,"SUCCESSION_ID, POSITION_ID, SUCCESSOR_ID, READINESS_LEVEL, IDENTIFIED_DATE","IDX_HCM_SUCC_POS, IDX_HCM_SUCC_SUCCESSOR","POSITION_ID->HCM_POSITIONS(POSITION_ID), SUCCESSOR_ID->HCM_EMPLOYEES(EMPLOYEE_ID)",10000,Yes,Key position succession
HCM-T018,HCM,HCM,HCM_LEARNING_COURSES,Training course catalog,COURSE_ID,"COURSE_ID, COURSE_CODE, COURSE_NAME, COURSE_TYPE, DURATION","IDX_HCM_COURSE_CODE, IDX_HCM_COURSE_TYPE",None,5000,Yes,Training offerings
HCM-T019,HCM,HCM,HCM_COURSE_ENROLLMENTS,Course enrollment records,COURSE_ENROLLMENT_ID,"COURSE_ENROLLMENT_ID, EMPLOYEE_ID, COURSE_ID, ENROLLMENT_DATE, COMPLETION_DATE, STATUS","IDX_HCM_CENROLL_EMP, IDX_HCM_CENROLL_COURSE, IDX_HCM_CENROLL_STATUS","EMPLOYEE_ID->HCM_EMPLOYEES(EMPLOYEE_ID), COURSE_ID->HCM_LEARNING_COURSES(COURSE_ID)",500000,Yes,Training history
HCM-T020,HCM,HCM,HCM_CERTIFICATIONS,Certification master,CERTIFICATION_ID,"CERTIFICATION_ID, CERT_NAME, ISSUING_BODY, RENEWAL_PERIOD",IDX_HCM_CERT_NAME,None,1000,Yes,Professional certifications
HCM-T021,HCM,HCM,HCM_EMPLOYEE_CERTIFICATIONS,Employee certifications,EMP_CERT_ID,"EMP_CERT_ID, EMPLOYEE_ID, CERTIFICATION_ID, ISSUE_DATE, EXPIRATION_DATE, CERT_NUMBER","IDX_HCM_ECERT_EMP, IDX_HCM_ECERT_CERT","EMPLOYEE_ID->HCM_EMPLOYEES(EMPLOYEE_ID), CERTIFICATION_ID->HCM_CERTIFICATIONS(CERTIFICATION_ID)",100000,Yes,Employee certification tracking

PAY-T001,PAY,Payroll,PAY_PAYROLL_SETUP,Payroll configuration,PAYROLL_ID,"PAYROLL_ID, PAYROLL_NAME, FREQUENCY, FIRST_PAY_DATE",IDX_PAY_SETUP_NAME,None,100,Yes,Weekly/Biweekly/Monthly
PAY-T002,PAY,Payroll,PAY_EARNINGS_CODES,Earnings code definitions,EARNINGS_CODE_ID,"EARNINGS_CODE_ID, EARNINGS_CODE, EARNINGS_NAME, EARNINGS_TYPE","IDX_PAY_EARN_CODE, IDX_PAY_EARN_TYPE",None,200,Yes,Regular/OT/Bonus/Commission
PAY-T003,PAY,Payroll,PAY_DEDUCTION_CODES,Deduction code definitions,DEDUCTION_CODE_ID,"DEDUCTION_CODE_ID, DEDUCTION_CODE, DEDUCTION_NAME, DEDUCTION_TYPE","IDX_PAY_DED_CODE, IDX_PAY_DED_TYPE",None,500,Yes,Benefits/Taxes/Garnishments
PAY-T004,PAY,Payroll,PAY_EMPLOYEE_EARNINGS,Employee earning assignments,EMP_EARNINGS_ID,"EMP_EARNINGS_ID, EMPLOYEE_ID, EARNINGS_CODE_ID, RATE, EFFECTIVE_DATE","IDX_PAY_EEARN_EMP, IDX_PAY_EEARN_CODE, IDX_PAY_EEARN_DATE","EMPLOYEE_ID->HCM_EMPLOYEES(EMPLOYEE_ID), EARNINGS_CODE_ID->PAY_EARNINGS_CODES(EARNINGS_CODE_ID)",300000,Yes,Pay rates
PAY-T005,PAY,Payroll,PAY_EMPLOYEE_DEDUCTIONS,Employee deduction assignments,EMP_DEDUCTION_ID,"EMP_DEDUCTION_ID, EMPLOYEE_ID, DEDUCTION_CODE_ID, DEDUCTION_AMOUNT, EFFECTIVE_DATE","IDX_PAY_EDED_EMP, IDX_PAY_EDED_CODE, IDX_PAY_EDED_DATE","EMPLOYEE_ID->HCM_EMPLOYEES(EMPLOYEE_ID), DEDUCTION_CODE_ID->PAY_DEDUCTION_CODES(DEDUCTION_CODE_ID)",500000,Yes,Deduction setup
PAY-T006,PAY,Payroll,PAY_TAX_AUTHORITIES,Tax authority definitions,TAX_AUTHORITY_ID,"TAX_AUTHORITY_ID, AUTHORITY_NAME, AUTHORITY_TYPE, JURISDICTION","IDX_PAY_TAXAUTH_NAME, IDX_PAY_TAXAUTH_TYPE",None,5000,Yes,Federal/State/Local agencies
PAY-T007,PAY,Payroll,PAY_TAX_RATES,Tax rate tables,TAX_RATE_ID,"TAX_RATE_ID, TAX_AUTHORITY_ID, FILING_STATUS, TAX_YEAR, MIN_INCOME, MAX_INCOME, TAX_RATE","IDX_PAY_TAXRATE_AUTH, IDX_PAY_TAXRATE_YEAR","TAX_AUTHORITY_ID->PAY_TAX_AUTHORITIES(TAX_AUTHORITY_ID)",50000,Yes,Tax brackets
PAY-T008,PAY,Payroll,PAY_EMPLOYEE_TAX_DATA,Employee tax withholding,EMP_TAX_ID,"EMP_TAX_ID, EMPLOYEE_ID, TAX_AUTHORITY_ID, FILING_STATUS, ALLOWANCES, ADDITIONAL_WITHHOLDING","IDX_PAY_ETAX_EMP, IDX_PAY_ETAX_AUTH","EMPLOYEE_ID->HCM_EMPLOYEES(EMPLOYEE_ID), TAX_AUTHORITY_ID->PAY_TAX_AUTHORITIES(TAX_AUTHORITY_ID)",500000,Yes,W-4 data
PAY-T009,PAY,Payroll,PAY_GARNISHMENTS,Garnishment orders,GARNISHMENT_ID,"GARNISHMENT_ID, EMPLOYEE_ID, GARNISHMENT_TYPE, CASE_NUMBER, GARNISHMENT_AMOUNT, START_DATE","IDX_PAY_GARN_EMP, IDX_PAY_GARN_TYPE","EMPLOYEE_ID->HCM_EMPLOYEES(EMPLOYEE_ID)",50000,Yes,Court-ordered deductions
PAY-T010,PAY,Payroll,PAY_PAYROLL_RUNS,Payroll run headers,PAYROLL_RUN_ID,"PAYROLL_RUN_ID, PAYROLL_ID, PAY_PERIOD_START, PAY_PERIOD_END, PAY_DATE, STATUS","IDX_PAY_RUN_PAYROLL, IDX_PAY_RUN_DATE, IDX_PAY_RUN_STATUS","PAYROLL_ID->PAY_PAYROLL_SETUP(PAYROLL_ID)",5000,Yes,Payroll processing cycles
PAY-T011,PAY,Payroll,PAY_PAYROLL_RESULTS,Employee payroll results,PAYROLL_RESULT_ID,"PAYROLL_RESULT_ID, PAYROLL_RUN_ID, EMPLOYEE_ID, GROSS_PAY, NET_PAY","IDX_PAY_RESULT_RUN, IDX_PAY_RESULT_EMP","PAYROLL_RUN_ID->PAY_PAYROLL_RUNS(PAYROLL_RUN_ID), EMPLOYEE_ID->HCM_EMPLOYEES(EMPLOYEE_ID)",5000000,Yes,Per employee per pay period
PAY-T012,PAY,Payroll,PAY_PAYROLL_EARNINGS,Payroll earnings detail,PAYROLL_EARNINGS_ID,"PAYROLL_EARNINGS_ID, PAYROLL_RESULT_ID, EARNINGS_CODE_ID, HOURS, RATE, AMOUNT","IDX_PAY_PAYE_RESULT, IDX_PAY_PAYE_CODE","PAYROLL_RESULT_ID->PAY_PAYROLL_RESULTS(PAYROLL_RESULT_ID), EARNINGS_CODE_ID->PAY_EARNINGS_CODES(EARNINGS_CODE_ID)",20000000,Yes,Earnings breakdown
PAY-T013,PAY,Payroll,PAY_PAYROLL_DEDUCTIONS,Payroll deduction detail,PAYROLL_DEDUCTION_ID,"PAYROLL_DEDUCTION_ID, PAYROLL_RESULT_ID, DEDUCTION_CODE_ID, DEDUCTION_AMOUNT","IDX_PAY_PAYD_RESULT, IDX_PAY_PAYD_CODE","PAYROLL_RESULT_ID->PAY_PAYROLL_RESULTS(PAYROLL_RESULT_ID), DEDUCTION_CODE_ID->PAY_DEDUCTION_CODES(DEDUCTION_CODE_ID)",30000000,Yes,Deduction breakdown
PAY-T014,PAY,Payroll,PAY_PAYROLL_TAXES,Payroll tax detail,PAYROLL_TAX_ID,"PAYROLL_TAX_ID, PAYROLL_RESULT_ID, TAX_AUTHORITY_ID, TAXABLE_WAGES, TAX_AMOUNT","IDX_PAY_PAYT_RESULT, IDX_PAY_PAYT_AUTH","PAYROLL_RESULT_ID->PAY_PAYROLL_RESULTS(PAYROLL_RESULT_ID), TAX_AUTHORITY_ID->PAY_TAX_AUTHORITIES(TAX_AUTHORITY_ID)",40000000,Yes,Tax withholding breakdown
PAY-T015,PAY,Payroll,PAY_CHECKS,Paycheck master,CHECK_ID,"CHECK_ID, PAYROLL_RESULT_ID, CHECK_NUMBER, CHECK_DATE, CHECK_AMOUNT, PAYMENT_METHOD","IDX_PAY_CHK_RESULT, IDX_PAY_CHK_NUMBER","PAYROLL_RESULT_ID->PAY_PAYROLL_RESULTS(PAYROLL_RESULT_ID)",5000000,Yes,Physical/Direct deposit checks
PAY-T016,PAY,Payroll,PAY_DIRECT_DEPOSITS,Direct deposit details,DIRECT_DEPOSIT_ID,"DIRECT_DEPOSIT_ID, EMPLOYEE_ID, BANK_NAME, ROUTING_NUMBER, ACCOUNT_NUMBER, DEPOSIT_AMOUNT","IDX_PAY_DD_EMP, IDX_PAY_DD_ROUTING","EMPLOYEE_ID->HCM_EMPLOYEES(EMPLOYEE_ID)",200000,Yes,Bank account splits
PAY-T017,PAY,Payroll,PAY_W2_DATA,W-2 annual data,W2_ID,"W2_ID, EMPLOYEE_ID, TAX_YEAR, WAGES, FEDERAL_TAX, SOCIAL_SECURITY_WAGES, MEDICARE_WAGES","IDX_PAY_W2_EMP, IDX_PAY_W2_YEAR","EMPLOYEE_ID->HCM_EMPLOYEES(EMPLOYEE_ID)",500000,Yes,Annual W-2 amounts
PAY-T018,PAY,Payroll,PAY_1099_DATA,1099 annual data,F1099_ID,"F1099_ID, VENDOR_ID, TAX_YEAR, PAYMENT_AMOUNT","IDX_PAY_1099_VENDOR, IDX_PAY_1099_YEAR",None,50000,Yes,Non-employee compensation
PAY-T019,PAY,Payroll,PAY_QUARTER_TAXES,Quarterly tax reporting,QUARTER_TAX_ID,"QUARTER_TAX_ID, TAX_AUTHORITY_ID, TAX_YEAR, TAX_QUARTER, TOTAL_WAGES, TOTAL_TAX","IDX_PAY_QTAX_AUTH, IDX_PAY_QTAX_PERIOD","TAX_AUTHORITY_ID->PAY_TAX_AUTHORITIES(TAX_AUTHORITY_ID)",20000,Yes,941/940 reporting
PAY-T020,PAY,Payroll,PAY_TIME_ENTRIES,Time entry records,TIME_ENTRY_ID,"TIME_ENTRY_ID, EMPLOYEE_ID, WORK_DATE, HOURS, EARNINGS_CODE_ID","IDX_PAY_TIME_EMP, IDX_PAY_TIME_DATE","EMPLOYEE_ID->HCM_EMPLOYEES(EMPLOYEE_ID), EARNINGS_CODE_ID->PAY_EARNINGS_CODES(EARNINGS_CODE_ID)",50000000,Yes,Time and attendance

ABS-T001,ABS,Absence Management,ABS_ABSENCE_TYPES,Absence type definitions,ABSENCE_TYPE_ID,"ABSENCE_TYPE_ID, ABSENCE_CODE, ABSENCE_NAME, PAID_FLAG",IDX_ABS_TYPE_CODE,None,50,Yes,Vacation/Sick/PTO/FMLA
ABS-T002,ABS,Absence Management,ABS_ABSENCE_PLANS,Absence plan configuration,ABSENCE_PLAN_ID,"ABSENCE_PLAN_ID, PLAN_NAME, ABSENCE_TYPE_ID, ACCRUAL_METHOD, MAX_BALANCE","IDX_ABS_PLAN_NAME, IDX_ABS_PLAN_TYPE","ABSENCE_TYPE_ID->ABS_ABSENCE_TYPES(ABSENCE_TYPE_ID)",100,Yes,Accrual rules
ABS-T003,ABS,Absence Management,ABS_EMPLOYEE_BALANCES,Employee absence balances,BALANCE_ID,"BALANCE_ID, EMPLOYEE_ID, ABSENCE_PLAN_ID, ACCRUED_HOURS, TAKEN_HOURS, BALANCE_HOURS","IDX_ABS_BAL_EMP, IDX_ABS_BAL_PLAN","EMPLOYEE_ID->HCM_EMPLOYEES(EMPLOYEE_ID), ABSENCE_PLAN_ID->ABS_ABSENCE_PLANS(ABSENCE_PLAN_ID)",200000,No,Current balances
ABS-T004,ABS,Absence Management,ABS_ACCRUAL_TRANSACTIONS,Accrual transaction history,ACCRUAL_TRANSACTION_ID,"ACCRUAL_TRANSACTION_ID, EMPLOYEE_ID, ABSENCE_PLAN_ID, TRANSACTION_DATE, ACCRUAL_HOURS","IDX_ABS_ACCR_EMP, IDX_ABS_ACCR_PLAN, IDX_ABS_ACCR_DATE","EMPLOYEE_ID->HCM_EMPLOYEES(EMPLOYEE_ID), ABSENCE_PLAN_ID->ABS_ABSENCE_PLANS(ABSENCE_PLAN_ID)",10000000,Yes,Periodic accruals
ABS-T005,ABS,Absence Management,ABS_ABSENCE_REQUESTS,Absence request headers,ABSENCE_REQUEST_ID,"ABSENCE_REQUEST_ID, EMPLOYEE_ID, ABSENCE_TYPE_ID, START_DATE, END_DATE, HOURS, STATUS","IDX_ABS_REQ_EMP, IDX_ABS_REQ_TYPE, IDX_ABS_REQ_DATE, IDX_ABS_REQ_STATUS","EMPLOYEE_ID->HCM_EMPLOYEES(EMPLOYEE_ID), ABSENCE_TYPE_ID->ABS_ABSENCE_TYPES(ABSENCE_TYPE_ID)",5000000,Yes,Time off requests
ABS-T006,ABS,Absence Management,ABS_ABSENCE_DAYS,Absence day details,ABSENCE_DAY_ID,"ABSENCE_DAY_ID, ABSENCE_REQUEST_ID, ABSENCE_DATE, HOURS","IDX_ABS_DAY_REQUEST, IDX_ABS_DAY_DATE","ABSENCE_REQUEST_ID->ABS_ABSENCE_REQUESTS(ABSENCE_REQUEST_ID)",20000000,Yes,Daily absence breakdown
ABS-T007,ABS,Absence Management,ABS_APPROVALS,Absence approval workflow,APPROVAL_ID,"APPROVAL_ID, ABSENCE_REQUEST_ID, APPROVER_ID, APPROVAL_LEVEL, DECISION, DECISION_DATE","IDX_ABS_APPR_REQUEST, IDX_ABS_APPR_APPROVER","ABSENCE_REQUEST_ID->ABS_ABSENCE_REQUESTS(ABSENCE_REQUEST_ID)",10000000,Yes,Manager approvals
ABS-T008,ABS,Absence Management,ABS_FMLA_CASES,FMLA case management,FMLA_CASE_ID,"FMLA_CASE_ID, EMPLOYEE_ID, CASE_NUMBER, START_DATE, CERTIFICATION_DATE, STATUS","IDX_ABS_FMLA_EMP, IDX_ABS_FMLA_CASE","EMPLOYEE_ID->HCM_EMPLOYEES(EMPLOYEE_ID)",10000,Yes,FMLA leave tracking
ABS-T009,ABS,Absence Management,ABS_FMLA_HOURS,FMLA hours used,FMLA_HOURS_ID,"FMLA_HOURS_ID, FMLA_CASE_ID, ABSENCE_REQUEST_ID, HOURS_USED","IDX_ABS_FMLAH_CASE, IDX_ABS_FMLAH_REQUEST","FMLA_CASE_ID->ABS_FMLA_CASES(FMLA_CASE_ID), ABSENCE_REQUEST_ID->ABS_ABSENCE_REQUESTS(ABSENCE_REQUEST_ID)",500000,Yes,FMLA hour tracking
ABS-T010,ABS,Absence Management,ABS_HOLIDAYS,Holiday calendar,HOLIDAY_ID,"HOLIDAY_ID, HOLIDAY_DATE, HOLIDAY_NAME, LOCATION",IDX_ABS_HOLIDAY_DATE,None,1000,Yes,Company holidays
ABS-T011,ABS,Absence Management,ABS_WORK_SCHEDULES,Employee work schedules,WORK_SCHEDULE_ID,"WORK_SCHEDULE_ID, EMPLOYEE_ID, EFFECTIVE_DATE, MONDAY_HOURS, TUESDAY_HOURS, WEDNESDAY_HOURS, THURSDAY_HOURS, FRIDAY_HOURS","IDX_ABS_SCHED_EMP, IDX_ABS_SCHED_DATE","EMPLOYEE_ID->HCM_EMPLOYEES(EMPLOYEE_ID)",150000,Yes,Standard work week
ABS-T012,ABS,Absence Management,ABS_PAYOUT_TRANSACTIONS,PTO payout transactions,PAYOUT_ID,"PAYOUT_ID, EMPLOYEE_ID, ABSENCE_PLAN_ID, PAYOUT_DATE, HOURS_PAID, PAYOUT_AMOUNT","IDX_ABS_PAYOUT_EMP, IDX_ABS_PAYOUT_DATE","EMPLOYEE_ID->HCM_EMPLOYEES(EMPLOYEE_ID), ABSENCE_PLAN_ID->ABS_ABSENCE_PLANS(ABSENCE_PLAN_ID)",100000,Yes,PTO cash outs

REC-T001,REC,Recruitment,REC_REQUISITIONS,Job requisition headers,REQUISITION_ID,"REQUISITION_ID, REQ_NUMBER, JOB_ID, HIRING_MANAGER_ID, OPENINGS, STATUS","IDX_REC_REQ_NUMBER, IDX_REC_REQ_JOB, IDX_REC_REQ_STATUS","JOB_ID->HCM_JOBS(JOB_ID)",50000,Yes,Job opening requests
REC-T002,REC,Recruitment,REC_JOB_POSTINGS,Job posting records,JOB_POSTING_ID,"JOB_POSTING_ID, REQUISITION_ID, POSTING_TITLE, POSTING_DESCRIPTION, POST_DATE, CLOSE_DATE","IDX_REC_POST_REQ, IDX_REC_POST_DATE","REQUISITION_ID->REC_REQUISITIONS(REQUISITION_ID)",60000,Yes,External job ads
REC-T003,REC,Recruitment,REC_POSTING_CHANNELS,Job board channels,CHANNEL_ID,"CHANNEL_ID, CHANNEL_NAME, CHANNEL_TYPE, API_ENDPOINT",IDX_REC_CHANNEL_NAME,None,100,Yes,Indeed/LinkedIn/Company career site
REC-T004,REC,Recruitment,REC_POSTING_DISTRIBUTIONS,Posting to channel mapping,DISTRIBUTION_ID,"DISTRIBUTION_ID, JOB_POSTING_ID, CHANNEL_ID, POST_DATE, EXTERNAL_REF","IDX_REC_DIST_POST, IDX_REC_DIST_CHANNEL","JOB_POSTING_ID->REC_JOB_POSTINGS(JOB_POSTING_ID), CHANNEL_ID->REC_POSTING_CHANNELS(CHANNEL_ID)",200000,Yes,Multi-channel posting
REC-T005,REC,Recruitment,REC_CANDIDATES,Candidate master,CANDIDATE_ID,"CANDIDATE_ID, FIRST_NAME, LAST_NAME, EMAIL, PHONE, SOURCE","IDX_REC_CAND_EMAIL, IDX_REC_CAND_NAME, IDX_REC_CAND_SOURCE",None,500000,Yes,Applicant profiles
REC-T006,REC,Recruitment,REC_APPLICATIONS,Job applications,APPLICATION_ID,"APPLICATION_ID, CANDIDATE_ID, REQUISITION_ID, APPLICATION_DATE, STATUS","IDX_REC_APP_CAND, IDX_REC_APP_REQ, IDX_REC_APP_DATE, IDX_REC_APP_STATUS","CANDIDATE_ID->REC_CANDIDATES(CANDIDATE_ID), REQUISITION_ID->REC_REQUISITIONS(REQUISITION_ID)",2000000,Yes,Application submissions
REC-T007,REC,Recruitment,REC_RESUMES,Resume documents,RESUME_ID,"RESUME_ID, CANDIDATE_ID, UPLOAD_DATE, FILE_PATH, FILE_NAME","IDX_REC_RESUME_CAND, IDX_REC_RESUME_DATE","CANDIDATE_ID->REC_CANDIDATES(CANDIDATE_ID)",500000,Yes,Resume storage
REC-T008,REC,Recruitment,REC_APPLICATION_QUESTIONS,Application question responses,QUESTION_RESPONSE_ID,"QUESTION_RESPONSE_ID, APPLICATION_ID, QUESTION_TEXT, RESPONSE_TEXT","IDX_REC_QRESP_APP","APPLICATION_ID->REC_APPLICATIONS(APPLICATION_ID)",10000000,Yes,Screening questions
REC-T009,REC,Recruitment,REC_INTERVIEWS,Interview scheduling,INTERVIEW_ID,"INTERVIEW_ID, APPLICATION_ID, INTERVIEW_TYPE, INTERVIEWER_ID, SCHEDULED_DATE, STATUS","IDX_REC_INT_APP, IDX_REC_INT_INTERVIEWER, IDX_REC_INT_DATE, IDX_REC_INT_STATUS","APPLICATION_ID->REC_APPLICATIONS(APPLICATION_ID)",1000000,Yes,Interview calendar
REC-T010,REC,Recruitment,REC_INTERVIEW_FEEDBACK,Interview feedback,FEEDBACK_ID,"FEEDBACK_ID, INTERVIEW_ID, INTERVIEWER_ID, RATING, FEEDBACK_TEXT, RECOMMENDATION","IDX_REC_FEED_INT, IDX_REC_FEED_INTERVIEWER","INTERVIEW_ID->REC_INTERVIEWS(INTERVIEW_ID)",1000000,Yes,Interviewer evaluations
REC-T011,REC,Recruitment,REC_OFFERS,Job offers,OFFER_ID,"OFFER_ID, APPLICATION_ID, OFFER_DATE, SALARY_OFFER, START_DATE, STATUS","IDX_REC_OFFER_APP, IDX_REC_OFFER_DATE, IDX_REC_OFFER_STATUS","APPLICATION_ID->REC_APPLICATIONS(APPLICATION_ID)",200000,Yes,Offer letters
REC-T012,REC,Recruitment,REC_OFFER_APPROVALS,Offer approval workflow,OFFER_APPROVAL_ID,"OFFER_APPROVAL_ID, OFFER_ID, APPROVER_ID, APPROVAL_LEVEL, DECISION, DECISION_DATE","IDX_REC_OFFAPPR_OFFER, IDX_REC_OFFAPPR_APPROVER","OFFER_ID->REC_OFFERS(OFFER_ID)",500000,Yes,Compensation approvals
REC-T013,REC,Recruitment,REC_ONBOARDING_TASKS,Onboarding task templates,ONBOARDING_TASK_ID,"ONBOARDING_TASK_ID, TASK_NAME, TASK_DESCRIPTION, DAYS_BEFORE_START, RESPONSIBLE_PARTY",IDX_REC_OBTASK_NAME,None,100,Yes,Pre-boarding checklist
REC-T014,REC,Recruitment,REC_CANDIDATE_TASKS,Assigned candidate tasks,CANDIDATE_TASK_ID,"CANDIDATE_TASK_ID, CANDIDATE_ID, ONBOARDING_TASK_ID, DUE_DATE, COMPLETION_DATE, STATUS","IDX_REC_CTASK_CAND, IDX_REC_CTASK_TASK, IDX_REC_CTASK_STATUS","CANDIDATE_ID->REC_CANDIDATES(CANDIDATE_ID), ONBOARDING_TASK_ID->REC_ONBOARDING_TASKS(ONBOARDING_TASK_ID)",500000,Yes,New hire tasks
REC-T015,REC,Recruitment,REC_EEO_DATA,EEO self-identification,EEO_DATA_ID,"EEO_DATA_ID, CANDIDATE_ID, GENDER, ETHNICITY, VETERAN_STATUS, DISABILITY_STATUS","IDX_REC_EEO_CAND","CANDIDATE_ID->REC_CANDIDATES(CANDIDATE_ID)",500000,Yes,Voluntary disclosure
REC-T016,REC,Recruitment,REC_BACKGROUND_CHECKS,Background check tracking,BACKGROUND_CHECK_ID,"BACKGROUND_CHECK_ID, CANDIDATE_ID, CHECK_TYPE, VENDOR, ORDER_DATE, RESULT_DATE, STATUS","IDX_REC_BGC_CAND, IDX_REC_BGC_STATUS","CANDIDATE_ID->REC_CANDIDATES(CANDIDATE_ID)",200000,Yes,Pre-employment screening